<?xml version="1.0" encoding="UTF-8"?>
<project version="4">
  <component name="AutoImportSettings">
    <option name="autoReloadType" value="SELECTIVE" />
  </component>
  <component name="ChangeListManager">
    <list default="true" id="64847142-2a00-4dc9-9501-3f72734a821b" name="Changes" comment="" />
    <option name="SHOW_DIALOG" value="false" />
    <option name="HIGHLIGHT_CONFLICTS" value="true" />
    <option name="HIGHLIGHT_NON_ACTIVE_CHANGELIST" value="false" />
    <option name="LAST_RESOLUTION" value="IGNORE" />
  </component>
  <component name="Git.Settings">
    <option name="RECENT_GIT_ROOT_PATH" value="$PROJECT_DIR$" />
  </component>
  <component name="ProjectColorInfo"><![CDATA[{
  "associatedIndex": 3
}]]></component>
  <component name="ProjectId" id="2pEZLTfrE3qVIHn2H4KtnhTm4F5" />
  <component name="ProjectLevelVcsManager" settingsEditedManually="true" />
  <component name="ProjectViewState">
    <option name="hideEmptyMiddlePackages" value="true" />
    <option name="showLibraryContents" value="true" />
  </component>
  <component name="PropertiesComponent"><![CDATA[{
  "keyToString": {
    "RunOnceActivity.ShowReadmeOnStart": "true",
    "dart.analysis.tool.window.visible": "false",
    "git-widget-placeholder": "master",
    "settings.editor.selected.configurable": "com.jetbrains.python.configuration.PyActiveSdkModuleConfigurable"
  }
}]]></component>
  <component name="RunManager">
    <configuration default="true" type="PythonConfigurationType" factoryName="Python">
      <module name="auth-service" />
      <option name="ENV_FILES" value="" />
      <option name="INTERPRETER_OPTIONS" value="" />
      <option name="PARENT_ENVS" value="true" />
      <envs>
        <env name="PYTHONUNBUFFERED" value="1" />
      </envs>
      <option name="SDK_HOME" value="" />
      <option name="WORKING_DIRECTORY" value="" />
      <option name="IS_MODULE_SDK" value="false" />
      <option name="ADD_CONTENT_ROOTS" value="true" />
      <option name="ADD_SOURCE_ROOTS" value="true" />
      <option name="SCRIPT_NAME" value="" />
      <option name="PARAMETERS" value="" />
      <option name="SHOW_COMMAND_LINE" value="false" />
      <option name="EMULATE_TERMINAL" value="false" />
      <option name="MODULE_MODE" value="false" />
      <option name="REDIRECT_INPUT" value="false" />
      <option name="INPUT_FILE" value="" />
      <method v="2" />
    </configuration>
    <configuration default="true" type="Tox" factoryName="Tox">
      <module name="auth-service" />
      <option name="ENV_FILES" value="" />
      <option name="INTERPRETER_OPTIONS" value="" />
      <option name="PARENT_ENVS" value="true" />
      <option name="SDK_HOME" value="" />
      <option name="WORKING_DIRECTORY" value="" />
      <option name="IS_MODULE_SDK" value="false" />
      <option name="ADD_CONTENT_ROOTS" value="true" />
      <option name="ADD_SOURCE_ROOTS" value="true" />
      <method v="2" />
    </configuration>
    <configuration default="true" type="docs" factoryName="Docutils task">
      <module name="auth-service" />
      <option name="ENV_FILES" value="" />
      <option name="INTERPRETER_OPTIONS" value="" />
      <option name="PARENT_ENVS" value="true" />
      <option name="SDK_HOME" value="" />
      <option name="WORKING_DIRECTORY" value="" />
      <option name="IS_MODULE_SDK" value="false" />
      <option name="ADD_CONTENT_ROOTS" value="true" />
      <option name="ADD_SOURCE_ROOTS" value="true" />
      <option name="docutils_input_file" value="" />
      <option name="docutils_output_file" value="" />
      <option name="docutils_params" value="" />
      <option name="docutils_task" value="" />
      <option name="docutils_open_in_browser" value="false" />
      <method v="2" />
    </configuration>
    <configuration default="true" type="docs" factoryName="Sphinx task">
      <module name="auth-service" />
      <option name="ENV_FILES" value="" />
      <option name="INTERPRETER_OPTIONS" value="" />
      <option name="PARENT_ENVS" value="true" />
      <option name="SDK_HOME" value="" />
      <option name="WORKING_DIRECTORY" value="" />
      <option name="IS_MODULE_SDK" value="false" />
      <option name="ADD_CONTENT_ROOTS" value="true" />
      <option name="ADD_SOURCE_ROOTS" value="true" />
      <option name="docutils_input_file" value="" />
      <option name="docutils_output_file" value="" />
      <option name="docutils_params" value="" />
      <option name="docutils_task" value="" />
      <option name="docutils_open_in_browser" value="false" />
      <method v="2" />
    </configuration>
    <configuration default="true" type="tests" factoryName="Autodetect">
      <module name="auth-service" />
      <option name="ENV_FILES" value="" />
      <option name="INTERPRETER_OPTIONS" value="" />
      <option name="PARENT_ENVS" value="true" />
      <option name="SDK_HOME" value="" />
      <option name="WORKING_DIRECTORY" value="" />
      <option name="IS_MODULE_SDK" value="false" />
      <option name="ADD_CONTENT_ROOTS" value="true" />
      <option name="ADD_SOURCE_ROOTS" value="true" />
      <option name="_new_additionalArguments" value="&quot;&quot;" />
      <option name="_new_target" value="&quot;&quot;" />
      <option name="_new_targetType" value="&quot;PATH&quot;" />
      <method v="2" />
    </configuration>
    <configuration default="true" type="tests" factoryName="Doctests">
      <module name="auth-service" />
      <option name="ENV_FILES" value="" />
      <option name="INTERPRETER_OPTIONS" value="" />
      <option name="PARENT_ENVS" value="true" />
      <option name="SDK_HOME" value="" />
      <option name="WORKING_DIRECTORY" value="" />
      <option name="IS_MODULE_SDK" value="false" />
      <option name="ADD_CONTENT_ROOTS" value="true" />
      <option name="ADD_SOURCE_ROOTS" value="true" />
      <option name="SCRIPT_NAME" value="" />
      <option name="CLASS_NAME" value="" />
      <option name="METHOD_NAME" value="" />
      <option name="FOLDER_NAME" value="" />
      <option name="TEST_TYPE" value="TEST_SCRIPT" />
      <option name="PATTERN" value="" />
      <option name="USE_PATTERN" value="false" />
      <method v="2" />
    </configuration>
  </component>
  <component name="SharedIndexes">
    <attachedChunks>
      <set>
        <option value="bundled-python-sdk-fb887030ada0-aa17d162503b-com.jetbrains.pycharm.community.sharedIndexes.bundled-PC-243.21565.199" />
      </set>
    </attachedChunks>
  </component>
  <component name="SpellCheckerSettings" RuntimeDictionaries="0" Folders="0" CustomDictionaries="0" DefaultDictionary="application-level" UseSingleDictionary="true" transferred="true" />
  <component name="TaskManager">
    <task active="true" id="Default" summary="Default task">
      <changelist id="64847142-2a00-4dc9-9501-3f72734a821b" name="Changes" comment="" />
      <created>1732333139041</created>
      <option name="number" value="Default" />
      <option name="presentableId" value="Default" />
      <updated>1732333139041</updated>
    </task>
    <servers />
  </component>
</project>